payment_id,policy_id,paid_date,amount,currency
SYN-PAY-00001,SYN-POL-001,2026-01-15,100.00,EUR
SYN-PAY-00002,SYN-POL-002,2026-01-15,200.00,EUR
SYN-PAY-00003,SYN-POL-003,2026-01-15,300.00,EUR
SYN-PAY-00004,SYN-POL-001,2026-01-15,400.00,EUR
SYN-PAY-00005,SYN-POL-002,2026-01-15,500.00,EUR
SYN-PAY-00006,SYN-POL-003,2026-01-15,600.00,EUR
SYN-PAY-00007,SYN-POL-001,2026-01-15,700.00,EUR
SYN-PAY-00008,SYN-POL-002,2026-01-15,800.00,EUR
SYN-PAY-00009,SYN-POL-003,2026-01-15,900.00,EUR
SYN-PAY-00010,SYN-POL-001,2026-01-15,1000.00,EUR
SYN-PAY-00011,SYN-POL-002,2026-01-15,-10.00,EUR
SYN-PAY-00012,SYN-POL-003,2026-01-15,1200.00,USD
